<?xml version="1.0" encoding="UTF-8"?>
<lom xmlns="http://ltsc.ieee.org/xsd/LOM" xmlns:xsi="http://www.w3.org/2001/XMLSchema-instance" xsi:schemaLocation="http://ltsc.ieee.org/xsd/LOM lomCustom.xsd"><general uniqueElementName="general"><identifier><catalog uniqueElementName="catalog">Mi catálogo</catalog><entry uniqueElementName="entry">0b30e7d4-4c01-4661-9103-3808681ee5ac</entry></identifier><title><string language="es">¿Que son los estomas?</string></title><aggregationLevel uniqueElementName="aggregationLevel"><source uniqueElementName="source">LOM-ESv1.0</source><value uniqueElementName="value">2</value></aggregationLevel></general><lifeCycle><contribute><role uniqueElementName="role"><source uniqueElementName="source">LOM-ESv1.0</source><value uniqueElementName="value">author</value></role><entity>BEGIN:VCARD VERSION:3.0 FN:Yeison Cuellar  EMAIL;TYPE=INTERNET: ORG: END:VCARD</entity><date><dateTime uniqueElementName="dateTime">2023-05-31T22:39:41.00-05:00</dateTime><description><string language="es">Fecha de creación de los metadatos</string></description></date></contribute></lifeCycle><metaMetadata uniqueElementName="metaMetadata"><contribute><role uniqueElementName="role"><source uniqueElementName="source">LOM-ESv1.0</source><value uniqueElementName="value">creator</value></role><entity>BEGIN:VCARD VERSION:3.0 FN:Yeison Cuellar  EMAIL;TYPE=INTERNET: ORG: END:VCARD</entity><date><dateTime uniqueElementName="dateTime">2023-05-31T22:39:41.00-05:00</dateTime><description><string language="es">Fecha de creación de los metadatos</string></description></date></contribute><metadataSchema>LOM-ESv1.0</metadataSchema></metaMetadata><technical uniqueElementName="technical"><otherPlatformRequirements><string language="es">editor: eXe Learning</string></otherPlatformRequirements></technical><rights uniqueElementName="rights"><access uniqueElementName="access"><accessType uniqueElementName="accessType"><source uniqueElementName="source">LOM-ESv1.0</source><value uniqueElementName="value">universal</value></accessType><description><string language="es">Preestablecido</string></description></access></rights></lom>