<?xml version="1.0" encoding="UTF-8"?>
<!-- Generated by eXe - http://exelearning.net -->
<manifest identifier="eXeNoName63d2d734273ee76b661" xmlns="http://www.imsproject.org/xsd/imscp_rootv1p1p2" xmlns:adlcp="http://www.adlnet.org/xsd/adlcp_rootv1p2" xmlns:imsmd="http://www.imsglobal.org/xsd/imsmd_v1p2" xmlns:xsi="http://www.w3.org/2001/XMLSchema-instance" xsi:schemaLocation="http://www.imsproject.org/xsd/imscp_rootv1p1p2 imscp_rootv1p1p2.xsd http://www.imsglobal.org/xsd/imsmd_rootv1p2p1 imsmd_rootv1p2p1.xsd http://www.adlnet.org/xsd/adlcp_rootv1p2 adlcp_rootv1p2.xsd" > 
<metadata> 
 <schema>ADL SCORM</schema> 
 <schemaversion>1.2</schemaversion> 
 <adlcp:location>imslrm.xml</adlcp:location> 
</metadata> 
<organizations default="eXeNoName63d2d734273ee76b662">  
    <organization identifier="eXeNoName63d2d734273ee76b662" structure="hierarchical">
        <title>¿Que son los estomas?</title>
<item identifier="ITEM-eXeNoName63d2d734273ee76b663" isvisible="true" identifierref="RES-eXeNoName63d2d734273ee76b664">
    <title>¿Que son los estomas?</title>
<item identifier="ITEM-eXeNoName63d2d734273ee76b675" isvisible="true" identifierref="RES-eXeNoName63d2d734273ee76b676">
    <title>Unidad 1. Estructura de los estomas</title>
<item identifier="ITEM-eXeNoName63d2d734273ee76b6a7" isvisible="true" identifierref="RES-eXeNoName63d2d734273ee76b6a8">
    <title>Actividad 1</title>
</item>
</item>
<item identifier="ITEM-eXeNoName63d2d734273ee76b6b9" isvisible="true" identifierref="RES-eXeNoName63d2d734273ee76b6ba">
    <title>Unidad 2. Factores internos y externos que influyen en los estomas</title>
<item identifier="ITEM-eXeNoName63d2d734273ee76b6db" isvisible="true" identifierref="RES-eXeNoName63d2d734273ee76b6dc">
    <title>Actividad 2</title>
</item>
</item>
<item identifier="ITEM-eXeNoName63d2d734273ee76b6dd" isvisible="true" identifierref="RES-eXeNoName63d2d734273ee76b6de">
    <title>Unidad 3. Principales funciones de los estomas</title>
<item identifier="ITEM-eXeNoName63d2d734273ee76b6ff" isvisible="true" identifierref="RES-eXeNoName63d2d734273ee76b6f10">
    <title>Actividad 3</title>
    <adlcp:masteryscore>50</adlcp:masteryscore>
</item>
</item>
<item identifier="ITEM-eXeNoName63d2d734273ee76b7111" isvisible="true" identifierref="RES-eXeNoName63d2d734273ee76b7112">
    <title>¿ Como podemos observar estomas?</title>
<item identifier="ITEM-eXeNoName63d2d734273ee76b7213" isvisible="true" identifierref="RES-eXeNoName63d2d734273ee76b7214">
    <title>Video practica de laboratorio</title>
<item identifier="ITEM-eXeNoName63d2d734273ee76b7315" isvisible="true" identifierref="RES-eXeNoName63d2d734273ee76b7316">
    <title>Articulo científico que te puede interesar...</title>
</item>
</item>
</item>
</item>
  </organization>
</organizations>
<resources>
  <resource identifier="RES-eXeNoName63d2d734273ee76b664" type="webcontent" adlcp:scormtype="sco" href="index.html"> 
    <file href="index.html"/> 
    <file href="exe_html5.js"/>
    <dependency identifierref="COMMON_FILES"/>
  </resource>
  <resource identifier="RES-eXeNoName63d2d734273ee76b676" type="webcontent" adlcp:scormtype="sco" href="unidad_1_estructura_de_los_estomas.html"> 
    <file href="unidad_1_estructura_de_los_estomas.html"/> 
    <file href="exe_html5.js"/>
    <file href="img0.png"/>
    <file href="img0.1.png"/>
    <file href="img0.2.png"/>
    <file href="img0.3.png"/>
    <file href="2.png"/>
    <file href="1.png"/>
    <file href="4.png"/>
    <file href="5.png"/>
    <dependency identifierref="COMMON_FILES"/>
  </resource>
  <resource identifier="RES-eXeNoName63d2d734273ee76b6a8" type="webcontent" adlcp:scormtype="sco" href="actividad_1.html"> 
    <file href="actividad_1.html"/> 
    <file href="exe_html5.js"/>
    <file href="Imagen_de_WhatsApp_2023-05-29_a_las_23.11.24.jpg"/>
    <dependency identifierref="COMMON_FILES"/>
  </resource>
  <resource identifier="RES-eXeNoName63d2d734273ee76b6ba" type="webcontent" adlcp:scormtype="sco" href="unidad_2_factores_internos_y_externos_que_influyen_en_los_estomas.html"> 
    <file href="unidad_2_factores_internos_y_externos_que_influyen_en_los_estomas.html"/> 
    <file href="exe_html5.js"/>
    <dependency identifierref="COMMON_FILES"/>
  </resource>
  <resource identifier="RES-eXeNoName63d2d734273ee76b6dc" type="webcontent" adlcp:scormtype="sco" href="actividad_2.html"> 
    <file href="actividad_2.html"/> 
    <file href="exe_html5.js"/>
    <dependency identifierref="COMMON_FILES"/>
  </resource>
  <resource identifier="RES-eXeNoName63d2d734273ee76b6de" type="webcontent" adlcp:scormtype="sco" href="unidad_3_principales_funciones_de_los_estomas.html"> 
    <file href="unidad_3_principales_funciones_de_los_estomas.html"/> 
    <file href="exe_html5.js"/>
    <dependency identifierref="COMMON_FILES"/>
  </resource>
  <resource identifier="RES-eXeNoName63d2d734273ee76b6f10" type="webcontent" adlcp:scormtype="sco" href="actividad_3.html"> 
    <file href="actividad_3.html"/> 
    <file href="exe_html5.js"/>
    <file href="common.js"/>
    <dependency identifierref="COMMON_FILES"/>
  </resource>
  <resource identifier="RES-eXeNoName63d2d734273ee76b7112" type="webcontent" adlcp:scormtype="sco" href="_como_podemos_observar_estomas.html"> 
    <file href="_como_podemos_observar_estomas.html"/> 
    <file href="exe_html5.js"/>
    <file href="eosina.jpg"/>
    <dependency identifierref="COMMON_FILES"/>
  </resource>
  <resource identifier="RES-eXeNoName63d2d734273ee76b7214" type="webcontent" adlcp:scormtype="sco" href="video_practica_de_laboratorio.html"> 
    <file href="video_practica_de_laboratorio.html"/> 
    <file href="exe_html5.js"/>
    <dependency identifierref="COMMON_FILES"/>
  </resource>
  <resource identifier="RES-eXeNoName63d2d734273ee76b7316" type="webcontent" adlcp:scormtype="sco" href="articulo_cientfico_que_te_puede_interesar.html"> 
    <file href="articulo_cientfico_que_te_puede_interesar.html"/> 
    <file href="exe_html5.js"/>
    <dependency identifierref="COMMON_FILES"/>
  </resource>
  <resource identifier="COMMON_FILES" type="webcontent" adlcp:scormtype="asset">
    <file href="config.xml"/>
    <file href="content.css"/>
    <file href="icon_activity.gif"/>
    <file href="icon_casestudy.gif"/>
    <file href="icon_gallery.gif"/>
    <file href="icon_generic.gif"/>
    <file href="icon_objectives.gif"/>
    <file href="icon_preknowledge.gif"/>
    <file href="icon_question.gif"/>
    <file href="icon_reading.gif"/>
    <file href="icon_reflection.gif"/>
    <file href="nav.css"/>
    <file href="open-sans-bold.woff"/>
    <file href="open-sans-bold.woff2"/>
    <file href="open-sans.woff"/>
    <file href="open-sans.woff2"/>
    <file href="_simplepoint_js.js"/>
    <file href="_simplepoint_licenses.gif"/>
    <file href="_simplepoint_navigation.png"/>
    <file href="base.css"/>
    <file href="popup_bg.gif"/>
    <file href="exe_powered_logo.png"/>
    <file href="SCORM_API_wrapper.js"/>
    <file href="SCOFunctions.js"/>
    <file href="common.js"/>
    <file href="common_i18n.js"/>
    <file href="exe_jquery.js"/>
    <file href="content.xsd"/>
    <file href="content.data"/>
    <file href="contentv3.xml"/>
    <file href="imslrm.xml"/>
  </resource>
</resources>
</manifest>
